Empresa;Fecha;Último;Apertura;Maximo;Minimo;Vol.;%var.
Acciona S.A. (ANA);13.11.2023;126,025;127,975;127,975;125,900;nan;-0.92%
Acciona S.A. (ANA);10.11.2023;127,200;127,300;127,550;125,700;64,34K;-1.01%
Acciona S.A. (ANA);09.11.2023;128,500;126,150;128,800;124,900;74,36K;+2.11%
Acciona S.A. (ANA);08.11.2023;125,850;125,250;127,050;125,000;61,83K;0.00%
Acciona S.A. (ANA);07.11.2023;125,850;126,200;126,700;125,550;86,03K;-1.22%
Acciona S.A. (ANA);06.11.2023;127,400;127,500;128,600;126,350;100,53K;+0.16%
Acciona S.A. (ANA);03.11.2023;127,200;124,300;129,300;123,750;127,27K;+2.75%
Acciona S.A. (ANA);02.11.2023;123,800;120,000;125,250;120,000;113,33K;+4.69%
Acciona S.A. (ANA);01.11.2023;118,250;119,150;119,150;115,850;65,96K;-0.63%
Acciona S.A. (ANA);31.10.2023;119,000;117,500;119,250;116,700;124,85K;+2.45%
Acciona S.A. (ANA);30.10.2023;116,150;114,750;117,200;114,750;66,45K;+1.44%
Acciona S.A. (ANA);27.10.2023;114,500;115,750;117,750;113,900;65,42K;-1.21%
Acciona S.A. (ANA);26.10.2023;115,900;115,250;116,450;114,450;105,87K;+0.09%
Acciona S.A. (ANA);25.10.2023;115,800;117,900;118,000;115,400;87,23K;-2.11%
Acciona S.A. (ANA);24.10.2023;118,300;115,900;118,450;115,650;78,45K;+2.03%
Acciona S.A. (ANA);23.10.2023;115,950;115,050;116,050;114,050;68,41K;+0.52%
Acciona S.A. (ANA);20.10.2023;115,350;118,250;118,400;115,350;119,97K;-3.27%
Acciona S.A. (ANA);19.10.2023;119,250;119,000;120,300;118,200;77,75K;-0.04%
Acciona S.A. (ANA);18.10.2023;119,300;118,250;120,950;117,250;116,17K;+0.55%
Acciona S.A. (ANA);17.10.2023;118,650;118,100;120,450;118,050;72,38K;+0.55%
Acciona S.A. (ANA);16.10.2023;118,000;118,150;118,850;116,900;58,05K;-0.21%
Acciona S.A. (ANA);13.10.2023;118,250;118,950;120,100;117,700;87,41K;-1.00%
Acerinox S.A. (ACX);13.11.2023;9,604;9,645;9,665;9,586;nan;-0.12%
Acerinox S.A. (ACX);10.11.2023;9,616;9,656;9,748;9,590;561,34K;-1.50%
Acerinox S.A. (ACX);09.11.2023;9,762;9,694;9,836;9,610;662,45K;+0.99%
Acerinox S.A. (ACX);08.11.2023;9,666;9,650;9,760;9,606;681,11K;+0.21%
Acerinox S.A. (ACX);07.11.2023;9,646;9,740;9,740;9,568;616,84K;-1.07%
Acerinox S.A. (ACX);06.11.2023;9,750;9,720;9,784;9,652;1,09M;+0.91%
Acerinox S.A. (ACX);03.11.2023;9,662;9,340;9,698;9,134;2,45M;+3.31%
Acerinox S.A. (ACX);02.11.2023;9,352;9,234;9,410;9,234;1,30M;+1.81%
Acerinox S.A. (ACX);01.11.2023;9,186;9,190;9,244;9,148;358,45K;-0.13%
Acerinox S.A. (ACX);31.10.2023;9,198;9,060;9,230;9,048;658,79K;+1.41%
Acerinox S.A. (ACX);30.10.2023;9,070;9,074;9,110;9,030;459,77K;-0.11%
Acerinox S.A. (ACX);27.10.2023;9,080;9,090;9,130;9,032;388,84K;+0.53%
Acerinox S.A. (ACX);26.10.2023;9,032;8,910;9,044;8,854;540,36K;+1.21%
Acerinox S.A. (ACX);25.10.2023;8,924;8,860;8,942;8,836;413,10K;+1.34%
Acerinox S.A. (ACX);24.10.2023;8,806;8,770;8,824;8,670;592,43K;+0.59%
Acerinox S.A. (ACX);23.10.2023;8,754;8,800;8,838;8,730;780,35K;-0.75%
Acerinox S.A. (ACX);20.10.2023;8,820;8,920;8,942;8,804;814,16K;-2.13%
Acerinox S.A. (ACX);19.10.2023;9,012;8,946;9,022;8,936;451,36K;+0.18%
Acerinox S.A. (ACX);18.10.2023;8,996;9,164;9,164;8,954;741,46K;-1.88%
Acerinox S.A. (ACX);17.10.2023;9,168;9,144;9,174;9,012;437,40K;-0.33%
Acerinox S.A. (ACX);16.10.2023;9,198;9,104;9,236;9,100;587,80K;+0.63%
Acerinox S.A. (ACX);13.10.2023;9,140;9,128;9,236;9,108;545,00K;-0.11%
Actividades de Construcción y Servicios S.A. (ACS);13.11.2023;33,520;33,555;33,590;33,309;nan;+0.78%
Actividades de Construcción y Servicios S.A. (ACS);10.11.2023;33,260;33,220;33,470;33,160;231,27K;-0.18%
Actividades de Construcción y Servicios S.A. (ACS);09.11.2023;33,320;33,250;33,440;33,100;273,07K;+0.18%
Actividades de Construcción y Servicios S.A. (ACS);08.11.2023;33,260;33,090;33,300;32,930;663,93K;+0.24%
Actividades de Construcción y Servicios S.A. (ACS);07.11.2023;33,180;33,300;33,470;33,100;254,90K;-0.96%
Actividades de Construcción y Servicios S.A. (ACS);06.11.2023;33,500;33,890;33,890;33,390;270,00K;-1.15%
Actividades de Construcción y Servicios S.A. (ACS);03.11.2023;33,890;34,350;34,400;33,840;255,13K;-0.88%
Actividades de Construcción y Servicios S.A. (ACS);02.11.2023;34,190;34,280;34,470;34,080;385,45K;+0.59%
Actividades de Construcción y Servicios S.A. (ACS);01.11.2023;33,990;34,050;34,230;33,770;277,54K;-0.53%
Actividades de Construcción y Servicios S.A. (ACS);31.10.2023;34,170;33,780;34,210;33,640;1,04M;+1.27%
Actividades de Construcción y Servicios S.A. (ACS);30.10.2023;33,740;33,430;33,800;33,360;379,81K;+0.96%
Actividades de Construcción y Servicios S.A. (ACS);27.10.2023;33,420;32,910;33,700;32,700;677,22K;+2.05%
Actividades de Construcción y Servicios S.A. (ACS);26.10.2023;32,750;32,180;32,940;32,170;427,86K;+0.74%
Actividades de Construcción y Servicios S.A. (ACS);25.10.2023;32,510;32,600;32,770;32,430;380,47K;-0.34%
Actividades de Construcción y Servicios S.A. (ACS);24.10.2023;32,620;32,270;32,660;32,220;385,38K;+0.65%
Actividades de Construcción y Servicios S.A. (ACS);23.10.2023;32,410;32,210;32,460;32,120;374,14K;+0.50%
Actividades de Construcción y Servicios S.A. (ACS);20.10.2023;32,250;32,330;32,510;31,870;818,99K;-0.80%
Actividades de Construcción y Servicios S.A. (ACS);19.10.2023;32,510;32,570;32,620;32,220;364,83K;-0.73%
Actividades de Construcción y Servicios S.A. (ACS);18.10.2023;32,750;33,030;33,210;32,600;342,71K;-1.09%
Actividades de Construcción y Servicios S.A. (ACS);17.10.2023;33,110;33,100;33,180;32,940;261,90K;-0.06%
Actividades de Construcción y Servicios S.A. (ACS);16.10.2023;33,130;33,420;33,440;33,070;286,93K;-0.21%
Actividades de Construcción y Servicios S.A. (ACS);13.10.2023;33,200;33,650;34,080;33,170;349,06K;-1.25%
AENA SME S.A. (AENA);13.11.2023;14,775;14,810;14,810;14,705;nan;+0.31%
AENA SME S.A. (AENA);10.11.2023;14,730;14,735;14,840;14,610;85,98K;-0.61%
AENA SME S.A. (AENA);09.11.2023;14,820;14,790;14,900;14,745;102,83K;0.00%
AENA SME S.A. (AENA);08.11.2023;14,820;14,700;14,940;14,440;157,02K;+0.47%
AENA SME S.A. (AENA);07.11.2023;14,750;14,515;14,750;14,455;111,14K;+1.03%
AENA SME S.A. (AENA);06.11.2023;14,600;14,600;14,720;14,535;109,29K;+0.48%
AENA SME S.A. (AENA);03.11.2023;14,530;14,605;14,740;14,395;158,24K;-0.31%
AENA SME S.A. (AENA);02.11.2023;14,575;13,965;14,615;13,850;196,03K;+5.46%
AENA SME S.A. (AENA);01.11.2023;13,820;13,660;13,850;13,610;210,98K;+1.06%
AENA SME S.A. (AENA);31.10.2023;13,675;13,645;13,885;13,595;332,41K;+0.77%
AENA SME S.A. (AENA);30.10.2023;13,570;13,450;13,615;13,440;133,86K;+0.97%
AENA SME S.A. (AENA);27.10.2023;13,440;13,320;13,520;13,285;124,99K;+1.36%
AENA SME S.A. (AENA);26.10.2023;13,260;13,410;13,490;13,180;191,11K;-2.00%
AENA SME S.A. (AENA);25.10.2023;13,530;13,435;13,665;13,425;153,36K;+0.45%
AENA SME S.A. (AENA);24.10.2023;13,470;13,835;13,965;13,150;273,97K;-2.60%
AENA SME S.A. (AENA);23.10.2023;13,830;13,790;13,900;13,735;78,01K;+0.69%
AENA SME S.A. (AENA);20.10.2023;13,735;13,795;13,880;13,710;190,50K;-1.86%
AENA SME S.A. (AENA);19.10.2023;13,995;13,980;14,005;13,850;106,50K;-0.07%
AENA SME S.A. (AENA);18.10.2023;14,005;14,115;14,270;13,880;159,52K;-0.67%
AENA SME S.A. (AENA);17.10.2023;14,100;13,950;14,100;13,905;67,62K;+1.04%
AENA SME S.A. (AENA);16.10.2023;13,955;13,865;14,010;13,725;87,86K;+0.69%
AENA SME S.A. (AENA);13.10.2023;13,860;14,085;14,125;13,825;99,68K;-1.56%
Amadeus IT Holding S.A. (AMA);13.11.2023;60,560;60,810;61,080;60,279;nan;+0.50%
Amadeus IT Holding S.A. (AMA);10.11.2023;60,260;60,240;60,420;59,780;529,15K;+0.03%
Amadeus IT Holding S.A. (AMA);09.11.2023;60,240;58,840;60,780;58,800;757,33K;+2.45%
Amadeus IT Holding S.A. (AMA);08.11.2023;58,800;59,300;60,000;58,340;868,48K;-1.04%
Amadeus IT Holding S.A. (AMA);07.11.2023;59,420;58,560;60,500;58,380;898,73K;+4.91%
Amadeus IT Holding S.A. (AMA);06.11.2023;56,640;56,340;57,060;56,340;852,78K;+0.46%
Amadeus IT Holding S.A. (AMA);03.11.2023;56,380;55,880;56,380;55,320;830,54K;+1.48%
Amadeus IT Holding S.A. (AMA);02.11.2023;55,560;54,160;56,040;54,140;808,39K;+3.08%
Amadeus IT Holding S.A. (AMA);01.11.2023;53,900;53,800;54,020;53,280;598,88K;+0.15%
Amadeus IT Holding S.A. (AMA);31.10.2023;53,820;53,360;54,160;53,000;1,33M;+1.47%
Amadeus IT Holding S.A. (AMA);30.10.2023;53,040;53,260;53,700;52,980;508,92K;0.00%
Amadeus IT Holding S.A. (AMA);27.10.2023;53,040;52,600;53,240;52,560;485,11K;+0.45%
Amadeus IT Holding S.A. (AMA);26.10.2023;52,800;53,320;53,800;52,800;823,14K;-2.29%
Amadeus IT Holding S.A. (AMA);25.10.2023;54,040;54,220;54,580;53,720;368,61K;-0.70%
Amadeus IT Holding S.A. (AMA);24.10.2023;54,420;53,600;54,820;53,560;493,52K;+1.38%
Amadeus IT Holding S.A. (AMA);23.10.2023;53,680;54,100;54,340;53,260;386,13K;-0.59%
Amadeus IT Holding S.A. (AMA);20.10.2023;54,000;54,160;54,340;53,680;894,03K;-1.35%
Amadeus IT Holding S.A. (AMA);19.10.2023;54,740;55,000;55,340;54,600;1,28M;-1.01%
Amadeus IT Holding S.A. (AMA);18.10.2023;55,300;55,860;56,100;55,140;639,52K;-1.50%
Amadeus IT Holding S.A. (AMA);17.10.2023;56,140;56,160;56,440;55,660;580,91K;-0.43%
Amadeus IT Holding S.A. (AMA);16.10.2023;56,380;55,840;56,820;55,520;432,72K;+1.51%
Amadeus IT Holding S.A. (AMA);13.10.2023;55,540;56,580;56,740;55,240;622,28K;-2.29%
ArcelorMittal S.A. (MTS);13.11.2023;20,535;20,348;20,558;20,273;nan;+1.23%
ArcelorMittal S.A. (MTS);10.11.2023;20,285;20,835;20,905;20,165;695,71K;-3.17%
ArcelorMittal S.A. (MTS);09.11.2023;20,950;21,010;21,400;20,670;486,82K;-1.64%
ArcelorMittal S.A. (MTS);08.11.2023;21,300;21,335;21,490;21,245;153,94K;-0.61%
ArcelorMittal S.A. (MTS);07.11.2023;21,430;21,600;21,665;21,280;131,77K;-1.11%
ArcelorMittal S.A. (MTS);06.11.2023;21,670;21,715;21,890;21,625;159,36K;0.00%
ArcelorMittal S.A. (MTS);03.11.2023;21,670;21,750;21,890;21,575;187,25K;+0.44%
ArcelorMittal S.A. (MTS);02.11.2023;21,575;20,945;21,725;20,945;330,93K;+4.18%
ArcelorMittal S.A. (MTS);01.11.2023;20,710;20,940;21,020;20,665;151,34K;-0.86%
ArcelorMittal S.A. (MTS);31.10.2023;20,890;20,250;21,030;20,225;307,38K;+3.21%
ArcelorMittal S.A. (MTS);30.10.2023;20,240;20,200;20,330;19,920;635,64K;-3.98%
ArcelorMittal S.A. (MTS);27.10.2023;21,080;21,310;21,350;20,985;166,98K;+0.26%
ArcelorMittal S.A. (MTS);26.10.2023;21,025;20,600;21,045;20,600;141,30K;+0.55%
ArcelorMittal S.A. (MTS);25.10.2023;20,910;20,870;20,980;20,725;129,55K;+0.72%
ArcelorMittal S.A. (MTS);24.10.2023;20,760;20,810;20,890;20,300;222,69K;+0.48%
ArcelorMittal S.A. (MTS);23.10.2023;20,660;20,500;20,675;20,320;192,10K;+0.88%
ArcelorMittal S.A. (MTS);20.10.2023;20,480;21,000;21,040;20,350;628,56K;-4.14%
ArcelorMittal S.A. (MTS);19.10.2023;21,365;21,250;21,520;21,070;216,94K;+0.54%
ArcelorMittal S.A. (MTS);18.10.2023;21,250;21,910;21,910;21,145;455,64K;-3.95%
ArcelorMittal S.A. (MTS);17.10.2023;22,125;22,015;22,150;21,455;349,49K;-0.09%
ArcelorMittal S.A. (MTS);16.10.2023;22,145;21,890;22,300;21,745;186,87K;+2.03%
ArcelorMittal S.A. (MTS);13.10.2023;21,705;22,220;22,340;21,670;362,35K;-2.19%
Banco Santander S.A. (SAN);13.11.2023;36,375;36,225;36,500;36,225;nan;+0.79%
Banco Santander S.A. (SAN);10.11.2023;36,090;35,905;36,345;35,810;42,65M;+0.33%
Banco Santander S.A. (SAN);09.11.2023;35,970;35,520;35,970;35,470;24,84M;+1.37%
Banco Santander S.A. (SAN);08.11.2023;35,485;35,190;35,855;34,875;35,06M;+0.78%
Banco Santander S.A. (SAN);07.11.2023;35,210;35,200;35,585;34,880;125,09M;-0.54%
Banco Santander S.A. (SAN);06.11.2023;35,400;35,790;35,895;35,345;50,96M;-1.05%
Banco Santander S.A. (SAN);03.11.2023;35,775;35,975;36,105;35,600;47,56M;-0.21%
Banco Santander S.A. (SAN);02.11.2023;35,850;35,040;35,960;34,955;38,70M;+2.41%
Banco Santander S.A. (SAN);01.11.2023;35,005;34,885;35,155;34,600;41,26M;+1.00%
Banco Santander S.A. (SAN);31.10.2023;34,660;35,055;35,440;34,295;55,10M;-2.90%
Banco Santander S.A. (SAN);30.10.2023;35,695;35,000;35,765;34,715;33,75M;+2.54%
Banco Santander S.A. (SAN);27.10.2023;34,810;35,450;35,630;34,575;53,19M;-0.85%
Banco Santander S.A. (SAN);26.10.2023;35,110;34,400;35,200;34,055;32,18M;+1.44%
Banco Santander S.A. (SAN);25.10.2023;34,610;34,005;35,015;33,450;87,29M;+2.35%
Banco Santander S.A. (SAN);24.10.2023;33,815;34,410;34,425;33,525;170,60M;-1.17%
Banco Santander S.A. (SAN);23.10.2023;34,215;34,635;34,745;33,875;178,18M;-1.01%
Banco Santander S.A. (SAN);20.10.2023;34,565;34,800;35,030;34,515;65,33M;-1.48%
Banco Santander S.A. (SAN);19.10.2023;35,085;35,100;35,240;34,710;31,32M;-0.07%
Banco Santander S.A. (SAN);18.10.2023;35,110;35,570;35,720;35,110;34,99M;-1.71%
Banco Santander S.A. (SAN);17.10.2023;35,720;35,660;35,875;35,305;16,22M;-0.11%
Banco Santander S.A. (SAN);16.10.2023;35,760;35,400;35,910;35,010;26,86M;+1.79%
Banco Santander S.A. (SAN);13.10.2023;35,130;35,700;35,840;34,940;41,39M;-2.06%
Bankinter S.A. (BKT);13.11.2023;6,241;6,090;6,242;6,125;nan;+2.61%
Bankinter S.A. (BKT);10.11.2023;6,082;6,062;6,148;6,052;2,34M;+0.03%
Bankinter S.A. (BKT);09.11.2023;6,080;6,118;6,130;6,048;2,48M;-0.10%
Bankinter S.A. (BKT);08.11.2023;6,086;5,990;6,116;5,976;2,39M;+1.16%
Bankinter S.A. (BKT);07.11.2023;6,016;6,030;6,094;5,994;1,99M;-0.59%
Bankinter S.A. (BKT);06.11.2023;6,052;6,038;6,084;6,014;1,86M;+0.13%
Bankinter S.A. (BKT);03.11.2023;6,044;6,038;6,054;6,012;1,94M;+0.73%
Bankinter S.A. (BKT);02.11.2023;6,000;5,948;6,022;5,930;2,01M;+1.28%
Bankinter S.A. (BKT);01.11.2023;5,924;5,982;6,004;5,920;1,48M;-0.64%
Bankinter S.A. (BKT);31.10.2023;5,962;5,966;6,076;5,930;2,28M;+0.17%
Bankinter S.A. (BKT);30.10.2023;5,952;5,942;6,000;5,902;2,20M;+0.37%
Bankinter S.A. (BKT);27.10.2023;5,930;6,070;6,130;5,930;2,05M;-2.21%
Bankinter S.A. (BKT);26.10.2023;6,064;6,026;6,064;5,938;1,63M;+0.93%
Bankinter S.A. (BKT);25.10.2023;6,008;6,014;6,036;5,934;2,29M;0.00%
Bankinter S.A. (BKT);24.10.2023;6,008;6,200;6,200;6,000;2,64M;-2.69%
Bankinter S.A. (BKT);23.10.2023;6,174;6,300;6,306;6,168;1,97M;-2.00%
Bankinter S.A. (BKT);20.10.2023;6,300;6,294;6,350;6,226;4,19M;-0.38%
Bankinter S.A. (BKT);19.10.2023;6,324;6,094;6,350;5,978;9,83M;+4.46%
Bankinter S.A. (BKT);18.10.2023;6,054;6,024;6,068;6,012;5,51M;+0.36%
Bankinter S.A. (BKT);17.10.2023;6,032;6,028;6,086;6,006;1,15M;+0.20%
Bankinter S.A. (BKT);16.10.2023;6,020;5,990;6,046;5,944;1,45M;+1.31%
Bankinter S.A. (BKT);13.10.2023;5,942;6,048;6,080;5,942;1,73M;-1.49%
Banco Bilbao Vizcaya Argentaria SA (BBVA);13.11.2023;8,015;7,910;8,020;7,915;nan;+1.46%
Banco Bilbao Vizcaya Argentaria SA (BBVA);10.11.2023;7,900;7,900;7,990;7,900;10,27M;-0.90%
Banco Bilbao Vizcaya Argentaria SA (BBVA);09.11.2023;7,972;7,840;7,978;7,814;13,50M;+1.79%
Banco Bilbao Vizcaya Argentaria SA (BBVA);08.11.2023;7,832;7,666;7,862;7,662;17,02M;+1.40%
Banco Bilbao Vizcaya Argentaria SA (BBVA);07.11.2023;7,724;7,688;7,786;7,660;8,73M;+0.08%
Banco Bilbao Vizcaya Argentaria SA (BBVA);06.11.2023;7,718;7,708;7,766;7,652;10,69M;-0.21%
Banco Bilbao Vizcaya Argentaria SA (BBVA);03.11.2023;7,734;7,684;7,746;7,624;13,74M;+1.28%
Banco Bilbao Vizcaya Argentaria SA (BBVA);02.11.2023;7,636;7,622;7,666;7,550;11,45M;+0.61%
Banco Bilbao Vizcaya Argentaria SA (BBVA);01.11.2023;7,590;7,478;7,648;7,426;11,48M;+2.26%
Banco Bilbao Vizcaya Argentaria SA (BBVA);31.10.2023;7,422;7,094;7,516;7,050;18,35M;-1.09%
Banco Bilbao Vizcaya Argentaria SA (BBVA);30.10.2023;7,504;7,466;7,536;7,406;11,14M;+0.83%
Banco Bilbao Vizcaya Argentaria SA (BBVA);27.10.2023;7,442;7,516;7,624;7,414;11,43M;-0.27%
Banco Bilbao Vizcaya Argentaria SA (BBVA);26.10.2023;7,462;7,378;7,474;7,306;15,55M;+0.43%
Banco Bilbao Vizcaya Argentaria SA (BBVA);25.10.2023;7,430;7,370;7,470;7,322;16,91M;+0.51%
Banco Bilbao Vizcaya Argentaria SA (BBVA);24.10.2023;7,392;7,522;7,528;7,360;19,72M;-1.73%
Banco Bilbao Vizcaya Argentaria SA (BBVA);23.10.2023;7,522;7,522;7,544;7,430;9,43M;-0.24%
Banco Bilbao Vizcaya Argentaria SA (BBVA);20.10.2023;7,540;7,590;7,618;7,520;14,94M;-1.10%
Banco Bilbao Vizcaya Argentaria SA (BBVA);19.10.2023;7,624;7,666;7,680;7,566;15,06M;-0.83%
Banco Bilbao Vizcaya Argentaria SA (BBVA);18.10.2023;7,688;7,766;7,798;7,668;14,54M;-0.72%
Banco Bilbao Vizcaya Argentaria SA (BBVA);17.10.2023;7,744;7,698;7,758;7,654;24,42M;+0.57%
Banco Bilbao Vizcaya Argentaria SA (BBVA);16.10.2023;7,700;7,730;7,756;7,630;10,28M;+0.23%
Banco Bilbao Vizcaya Argentaria SA (BBVA);13.10.2023;7,682;7,780;7,808;7,650;12,67M;-1.49%
Banco de Sabadell SA (SABE);13.11.2023;12,670;12,405;12,715;12,380;nan;+3.01%
Banco de Sabadell SA (SABE);10.11.2023;12,300;12,240;12,360;12,170;17,59M;+0.04%
Banco de Sabadell SA (SABE);09.11.2023;12,295;12,020;12,300;11,970;27,89M;+2.80%
Banco de Sabadell SA (SABE);08.11.2023;11,960;11,800;12,010;11,675;18,15M;+0.93%
Banco de Sabadell SA (SABE);07.11.2023;11,850;11,875;12,035;11,805;15,83M;-0.50%
Banco de Sabadell SA (SABE);06.11.2023;11,910;12,000;12,040;11,855;16,54M;-0.42%
Banco de Sabadell SA (SABE);03.11.2023;11,960;12,055;12,110;11,950;21,49M;-0.46%
Banco de Sabadell SA (SABE);02.11.2023;12,015;11,850;12,060;11,760;21,85M;+1.99%
Banco de Sabadell SA (SABE);01.11.2023;11,780;11,790;11,870;11,670;15,34M;+0.60%
Banco de Sabadell SA (SABE);31.10.2023;11,710;11,950;12,085;11,670;35,31M;-1.26%
Banco de Sabadell SA (SABE);30.10.2023;11,860;11,425;11,915;11,350;32,90M;+3.81%
Banco de Sabadell SA (SABE);27.10.2023;11,425;11,130;11,500;11,110;48,23M;+3.58%
Banco de Sabadell SA (SABE);26.10.2023;11,030;10,765;11,100;10,655;48,95M;+6.01%
Banco de Sabadell SA (SABE);25.10.2023;10,405;10,355;10,500;10,255;29,12M;+1.02%
Banco de Sabadell SA (SABE);24.10.2023;10,300;10,875;10,895;10,300;37,04M;-5.24%
Banco de Sabadell SA (SABE);23.10.2023;10,870;11,070;11,125;10,810;29,06M;-2.51%
Banco de Sabadell SA (SABE);20.10.2023;11,150;11,340;11,380;11,085;22,49M;-1.68%
Banco de Sabadell SA (SABE);19.10.2023;11,340;11,135;11,365;10,960;19,84M;+1.61%
Banco de Sabadell SA (SABE);18.10.2023;11,160;11,240;11,290;11,120;11,46M;-0.93%
Banco de Sabadell SA (SABE);17.10.2023;11,265;11,240;11,305;11,165;10,68M;+0.18%
Banco de Sabadell SA (SABE);16.10.2023;11,245;11,140;11,300;11,060;12,79M;+1.08%
Banco de Sabadell SA (SABE);13.10.2023;11,125;11,270;11,465;11,055;26,76M;-1.11%
CaixaBank S.A. (CABK);13.11.2023;3,929;3,870;3,935;3,870;nan;+1.89%
CaixaBank S.A. (CABK);10.11.2023;3,856;3,857;3,901;3,839;10,46M;-0.26%
CaixaBank S.A. (CABK);09.11.2023;3,866;3,809;3,866;3,797;11,90M;+1.92%
CaixaBank S.A. (CABK);08.11.2023;3,793;3,752;3,815;3,735;11,09M;+0.74%
CaixaBank S.A. (CABK);07.11.2023;3,765;3,804;3,832;3,755;9,31M;-1.39%
CaixaBank S.A. (CABK);06.11.2023;3,818;3,796;3,838;3,779;11,18M;+0.85%
CaixaBank S.A. (CABK);03.11.2023;3,786;3,800;3,838;3,786;13,54M;+0.05%
CaixaBank S.A. (CABK);02.11.2023;3,784;3,796;3,828;3,743;14,33M;-0.29%
CaixaBank S.A. (CABK);01.11.2023;3,795;3,838;3,858;3,794;11,69M;-1.04%
CaixaBank S.A. (CABK);31.10.2023;3,835;3,865;3,916;3,827;14,66M;-0.70%
CaixaBank S.A. (CABK);30.10.2023;3,862;3,808;3,877;3,803;14,61M;+1.55%
CaixaBank S.A. (CABK);27.10.2023;3,803;3,826;3,837;3,688;20,02M;+2.26%
CaixaBank S.A. (CABK);26.10.2023;3,719;3,625;3,740;3,615;16,15M;+2.40%
CaixaBank S.A. (CABK);25.10.2023;3,632;3,630;3,651;3,607;12,12M;+0.11%
CaixaBank S.A. (CABK);24.10.2023;3,628;3,755;3,776;3,621;11,99M;-3.10%
CaixaBank S.A. (CABK);23.10.2023;3,744;3,820;3,828;3,742;9,60M;-1.47%
CaixaBank S.A. (CABK);20.10.2023;3,800;3,821;3,850;3,783;12,45M;-1.40%
CaixaBank S.A. (CABK);19.10.2023;3,854;3,783;3,854;3,755;13,92M;+1.96%
CaixaBank S.A. (CABK);18.10.2023;3,780;3,803;3,820;3,780;8,85M;-0.21%
CaixaBank S.A. (CABK);17.10.2023;3,788;3,790;3,815;3,774;6,51M;-0.11%
CaixaBank S.A. (CABK);16.10.2023;3,792;3,803;3,818;3,782;10,34M;+0.13%
CaixaBank S.A. (CABK);13.10.2023;3,787;3,829;3,856;3,777;9,49M;-1.07%
Cellnex Telecom S.A. (CLNX);13.11.2023;3,070;3,047;3,077;3,028;nan;+0.89%
Cellnex Telecom S.A. (CLNX);10.11.2023;3,043;3,078;3,120;2,982;1,33M;-0.81%
Cellnex Telecom S.A. (CLNX);09.11.2023;3,068;2,999;3,077;2,999;1,34M;+1.99%
Cellnex Telecom S.A. (CLNX);08.11.2023;3,008;2,987;3,065;2,986;1,15M;+0.64%
Cellnex Telecom S.A. (CLNX);07.11.2023;2,989;2,965;3,011;2,961;877,89K;+0.44%
Cellnex Telecom S.A. (CLNX);06.11.2023;2,976;3,040;3,056;2,945;1,10M;-2.27%
Cellnex Telecom S.A. (CLNX);03.11.2023;3,045;2,932;3,048;2,908;1,67M;+3.92%
Cellnex Telecom S.A. (CLNX);02.11.2023;2,930;2,864;2,943;2,862;1,46M;+2.84%
Cellnex Telecom S.A. (CLNX);01.11.2023;2,849;2,750;2,863;2,750;1,82M;+2.78%
Cellnex Telecom S.A. (CLNX);31.10.2023;2,772;2,680;2,783;2,666;3,75M;+4.13%
Cellnex Telecom S.A. (CLNX);30.10.2023;2,662;2,638;2,672;2,618;4,31M;+0.95%
Cellnex Telecom S.A. (CLNX);27.10.2023;2,637;2,648;2,653;2,624;1,28M;+0.42%
Cellnex Telecom S.A. (CLNX);26.10.2023;2,626;2,662;2,670;2,619;1,55M;-2.52%
Cellnex Telecom S.A. (CLNX);25.10.2023;2,694;2,702;2,716;2,646;791,89K;-0.52%
Cellnex Telecom S.A. (CLNX);24.10.2023;2,708;2,660;2,741;2,657;1,37M;+1.84%
Cellnex Telecom S.A. (CLNX);23.10.2023;2,659;2,709;2,737;2,602;1,70M;-2.35%
Cellnex Telecom S.A. (CLNX);20.10.2023;2,723;2,724;2,800;2,705;2,63M;-1.16%
Cellnex Telecom S.A. (CLNX);19.10.2023;2,755;2,853;2,874;2,755;1,71M;-4.01%
Cellnex Telecom S.A. (CLNX);18.10.2023;2,870;2,950;2,971;2,870;1,90M;-2.74%
Cellnex Telecom S.A. (CLNX);17.10.2023;2,951;2,956;3,004;2,929;814,95K;-1.07%
Cellnex Telecom S.A. (CLNX);16.10.2023;2,983;2,954;3,036;2,949;1,48M;+0.81%
Cellnex Telecom S.A. (CLNX);13.10.2023;2,959;3,000;3,023;2,951;791,18K;-1.66%
Enagás S.A. (ENAG);13.11.2023;15,810;15,850;15,837;15,742;nan;-0.16%
Enagás S.A. (ENAG);10.11.2023;15,835;15,850;15,920;15,750;521,67K;-0.22%
Enagás S.A. (ENAG);09.11.2023;15,870;15,810;15,970;15,810;552,47K;+0.41%
Enagás S.A. (ENAG);08.11.2023;15,805;15,980;15,985;15,790;620,83K;-1.06%
Enagás S.A. (ENAG);07.11.2023;15,975;16,070;16,140;15,960;469,82K;-0.84%
Enagás S.A. (ENAG);06.11.2023;16,110;16,105;16,150;16,010;452,71K;+0.06%
Enagás S.A. (ENAG);03.11.2023;16,100;16,105;16,240;16,045;514,54K;+0.06%
Enagás S.A. (ENAG);02.11.2023;16,090;15,945;16,105;15,845;671,17K;+1.67%
Enagás S.A. (ENAG);01.11.2023;15,825;15,800;15,890;15,635;465,25K;+0.19%
Enagás S.A. (ENAG);31.10.2023;15,795;15,985;16,095;15,740;626,26K;-0.57%
Enagás S.A. (ENAG);30.10.2023;15,885;15,825;16,005;15,825;429,02K;+0.76%
Enagás S.A. (ENAG);27.10.2023;15,765;15,945;16,020;15,765;792,56K;-0.88%
Enagás S.A. (ENAG);26.10.2023;15,905;16,100;16,165;15,900;456,44K;-1.33%
Enagás S.A. (ENAG);25.10.2023;16,120;15,835;16,130;15,815;569,02K;+1.45%
Enagás S.A. (ENAG);24.10.2023;15,890;15,650;16,320;15,620;1,29M;+1.70%
Enagás S.A. (ENAG);23.10.2023;15,625;15,760;15,810;15,480;854,97K;-0.98%
Enagás S.A. (ENAG);20.10.2023;15,780;15,850;15,970;15,660;1,30M;-1.25%
Enagás S.A. (ENAG);19.10.2023;15,980;15,900;16,000;15,780;559,46K;+0.28%
Enagás S.A. (ENAG);18.10.2023;15,935;16,000;16,065;15,905;928,11K;-0.69%
Enagás S.A. (ENAG);17.10.2023;16,045;16,140;16,210;16,025;585,09K;-0.56%
Enagás S.A. (ENAG);16.10.2023;16,135;16,105;16,210;16,030;590,36K;+0.09%
Enagás S.A. (ENAG);13.10.2023;16,120;16,120;16,210;16,060;469,09K;+0.06%
Endesa S.A. (ELE);13.11.2023;18,704;18,635;18,724;18,575;nan;+0.45%
Endesa S.A. (ELE);10.11.2023;18,620;18,680;18,775;18,485;1,02M;-0.98%
Endesa S.A. (ELE);09.11.2023;18,805;18,520;18,805;18,450;1,13M;+1.98%
Endesa S.A. (ELE);08.11.2023;18,440;18,315;18,615;18,315;3,12M;+0.19%
Endesa S.A. (ELE);07.11.2023;18,405;18,350;18,485;18,335;569,46K;-0.19%
Endesa S.A. (ELE);06.11.2023;18,440;18,520;18,655;18,310;891,07K;-0.73%
Endesa S.A. (ELE);03.11.2023;18,575;18,545;18,795;18,500;1,04M;+0.16%
Endesa S.A. (ELE);02.11.2023;18,545;18,295;18,605;18,290;1,06M;+1.81%
Endesa S.A. (ELE);01.11.2023;18,215;17,780;18,215;17,540;1,30M;+2.53%
Endesa S.A. (ELE);31.10.2023;17,765;17,825;18,260;17,690;1,53M;-1.22%
Endesa S.A. (ELE);30.10.2023;17,985;18,045;18,280;17,965;1,17M;+0.50%
Endesa S.A. (ELE);27.10.2023;17,895;17,900;17,950;17,740;1,11M;+0.14%
Endesa S.A. (ELE);26.10.2023;17,870;17,900;18,130;17,730;1,12M;-0.42%
Endesa S.A. (ELE);25.10.2023;17,945;18,095;18,135;17,760;1,18M;-0.66%
Endesa S.A. (ELE);24.10.2023;18,065;18,405;18,475;17,915;2,05M;-2.32%
Endesa S.A. (ELE);23.10.2023;18,495;18,580;18,630;18,360;771,22K;-0.46%
Endesa S.A. (ELE);20.10.2023;18,580;18,840;18,945;18,450;1,74M;-2.36%
Endesa S.A. (ELE);19.10.2023;19,030;18,925;19,145;18,775;766,58K;+0.26%
Endesa S.A. (ELE);18.10.2023;18,980;19,055;19,110;18,975;1,96M;-0.63%
Endesa S.A. (ELE);17.10.2023;19,100;19,200;19,335;19,020;743,61K;-0.52%
Endesa S.A. (ELE);16.10.2023;19,200;19,250;19,340;19,090;693,98K;-0.29%
Endesa S.A. (ELE);13.10.2023;19,255;19,300;19,440;19,160;740,25K;+0.18%
Fluidra S.A. (FLUI);13.11.2023;17,480;17,600;17,640;17,460;nan;+0.17%
Fluidra S.A. (FLUI);10.11.2023;17,450;17,760;17,780;17,410;204,51K;-2.08%
Fluidra S.A. (FLUI);09.11.2023;17,820;17,330;17,900;17,330;350,02K;+1.71%
Fluidra S.A. (FLUI);08.11.2023;17,520;17,500;17,680;17,380;289,83K;-0.11%
Fluidra S.A. (FLUI);07.11.2023;17,540;17,340;17,620;17,340;211,65K;+0.34%
Fluidra S.A. (FLUI);06.11.2023;17,480;17,760;17,860;17,480;335,74K;-0.96%
Fluidra S.A. (FLUI);03.11.2023;17,650;17,260;17,720;17,210;294,10K;+3.16%
Fluidra S.A. (FLUI);02.11.2023;17,110;16,940;17,210;16,880;422,31K;+2.39%
Fluidra S.A. (FLUI);01.11.2023;16,710;16,700;16,760;16,590;187,86K;+0.54%
Fluidra S.A. (FLUI);31.10.2023;16,620;16,620;16,970;16,370;329,29K;+0.42%
Fluidra S.A. (FLUI);30.10.2023;16,550;16,450;16,790;16,450;407,30K;+0.73%
Fluidra S.A. (FLUI);27.10.2023;16,430;16,800;16,910;16,110;530,80K;-2.38%
Fluidra S.A. (FLUI);26.10.2023;16,830;15,900;17,400;15,320;869,31K;+4.40%
Fluidra S.A. (FLUI);25.10.2023;16,120;16,420;16,420;16,020;515,72K;-1.77%
Fluidra S.A. (FLUI);24.10.2023;16,410;16,460;16,540;16,220;343,42K;-0.30%
Fluidra S.A. (FLUI);23.10.2023;16,460;16,590;16,640;16,330;449,66K;-0.54%
Fluidra S.A. (FLUI);20.10.2023;16,550;16,770;16,820;16,470;397,56K;-1.84%
Fluidra S.A. (FLUI);19.10.2023;16,860;16,800;17,120;16,550;416,54K;-0.30%
Fluidra S.A. (FLUI);18.10.2023;16,910;17,300;17,360;16,910;341,94K;-2.59%
Fluidra S.A. (FLUI);17.10.2023;17,360;17,430;17,530;17,130;279,80K;-0.46%
Fluidra S.A. (FLUI);16.10.2023;17,440;17,430;17,490;17,200;218,83K;+0.06%
Fluidra S.A. (FLUI);13.10.2023;17,430;18,000;18,010;17,430;359,26K;-3.11%
Siemens Gamesa Renewable Energy S.A. (SGREN);13.11.2023;60,510;60,749;60,749;60,279;nan;+0.23%
Siemens Gamesa Renewable Energy S.A. (SGREN);10.11.2023;60,370;60,169;60,429;59,800;nan;-0.05%
Siemens Gamesa Renewable Energy S.A. (SGREN);09.11.2023;60,400;58,940;60,800;58,789;nan;+2.15%
Siemens Gamesa Renewable Energy S.A. (SGREN);08.11.2023;59,130;59,219;60,020;58,309;nan;-0.76%
Siemens Gamesa Renewable Energy S.A. (SGREN);07.11.2023;59,580;58,599;60,029;58,340;nan;+5.28%
Siemens Gamesa Renewable Energy S.A. (SGREN);06.11.2023;56,590;56,559;57,059;56,440;nan;+0.59%
Siemens Gamesa Renewable Energy S.A. (SGREN);03.11.2023;56,260;55,609;56,289;55,330;nan;+1.33%
Naturgy Energy Group S.A. (NTGY);13.11.2023;26,540;26,720;26,720;26,510;nan;-0.15%
Naturgy Energy Group S.A. (NTGY);10.11.2023;26,580;26,500;26,760;26,500;202,45K;-0.37%
Naturgy Energy Group S.A. (NTGY);09.11.2023;26,680;26,500;26,760;26,500;191,27K;+0.68%
Naturgy Energy Group S.A. (NTGY);08.11.2023;26,500;26,460;26,580;26,420;244,45K;-0.15%
Naturgy Energy Group S.A. (NTGY);07.11.2023;26,540;26,440;26,640;26,440;202,48K;+0.15%
Naturgy Energy Group S.A. (NTGY);06.11.2023;26,500;26,520;26,640;26,460;280,34K;-0.38%
Naturgy Energy Group S.A. (NTGY);03.11.2023;26,600;26,560;26,940;26,500;227,17K;-1.48%
Naturgy Energy Group S.A. (NTGY);02.11.2023;27,000;26,900;27,060;26,780;259,34K;+1.20%
Naturgy Energy Group S.A. (NTGY);01.11.2023;26,680;26,660;26,680;26,480;324,17K;-0.07%
Naturgy Energy Group S.A. (NTGY);31.10.2023;26,700;26,760;26,880;26,520;902,59K;+0.68%
Naturgy Energy Group S.A. (NTGY);30.10.2023;26,520;26,480;26,720;26,420;210,00K;+0.99%
Naturgy Energy Group S.A. (NTGY);27.10.2023;26,260;26,660;26,760;26,240;445,60K;-0.91%
Naturgy Energy Group S.A. (NTGY);26.10.2023;26,500;26,780;26,920;26,500;987,00K;-0.97%
Naturgy Energy Group S.A. (NTGY);25.10.2023;26,760;26,720;26,880;26,500;271,22K;+0.30%
Naturgy Energy Group S.A. (NTGY);24.10.2023;26,680;25,940;26,700;25,920;364,43K;+3.09%
Naturgy Energy Group S.A. (NTGY);23.10.2023;25,880;26,140;26,220;25,640;261,00K;-1.07%
Naturgy Energy Group S.A. (NTGY);20.10.2023;26,160;26,160;26,420;26,100;467,95K;-0.76%
Naturgy Energy Group S.A. (NTGY);19.10.2023;26,360;26,140;26,440;26,140;597,89K;+0.53%
Naturgy Energy Group S.A. (NTGY);18.10.2023;26,220;26,000;26,280;26,000;310,56K;-0.15%
Naturgy Energy Group S.A. (NTGY);17.10.2023;26,260;26,520;26,720;26,220;243,55K;-1.13%
Naturgy Energy Group S.A. (NTGY);16.10.2023;26,560;26,660;26,680;26,360;181,73K;+1.07%
Naturgy Energy Group S.A. (NTGY);13.10.2023;26,280;26,640;26,640;26,240;133,43K;-0.38%
Grifols S.A. (GRLS);13.11.2023;11,668;11,535;11,735;11,463;nan;+1.15%
Grifols S.A. (GRLS);10.11.2023;11,535;11,990;12,095;11,520;1,53M;-4.83%
Grifols S.A. (GRLS);09.11.2023;12,120;12,130;12,190;11,930;684,40K;+0.54%
Grifols S.A. (GRLS);08.11.2023;12,055;11,840;12,385;11,840;1,41M;+2.07%
Grifols S.A. (GRLS);07.11.2023;11,810;11,695;11,865;11,585;730,17K;+0.30%
Grifols S.A. (GRLS);06.11.2023;11,775;11,760;11,970;11,565;1,47M;+1.16%
Grifols S.A. (GRLS);03.11.2023;11,640;11,840;12,230;11,590;1,90M;-1.94%
Grifols S.A. (GRLS);02.11.2023;11,870;10,715;12,030;10,715;3,45M;+12.83%
Grifols S.A. (GRLS);01.11.2023;10,520;10,655;10,655;10,450;974,22K;-0.61%
Grifols S.A. (GRLS);31.10.2023;10,585;10,345;10,690;10,310;1,46M;+3.07%
Grifols S.A. (GRLS);30.10.2023;10,270;10,200;10,360;10,160;998,05K;+1.28%
Grifols S.A. (GRLS);27.10.2023;10,140;10,125;10,365;10,090;890,01K;+1.10%
Grifols S.A. (GRLS);26.10.2023;10,030;9,962;10,235;9,848;1,23M;-0.25%
Grifols S.A. (GRLS);25.10.2023;10,055;10,420;10,460;9,840;1,60M;-3.36%
Grifols S.A. (GRLS);24.10.2023;10,405;10,300;10,520;10,260;908,76K;+1.22%
Grifols S.A. (GRLS);23.10.2023;10,280;10,455;10,460;10,050;1,14M;-1.49%
Grifols S.A. (GRLS);20.10.2023;10,435;10,585;10,595;10,190;2,62M;-2.61%
Grifols S.A. (GRLS);19.10.2023;10,715;11,215;11,235;10,690;1,85M;-5.18%
Grifols S.A. (GRLS);18.10.2023;11,300;11,560;11,560;11,290;960,47K;-2.63%
Grifols S.A. (GRLS);17.10.2023;11,605;11,750;11,905;11,475;544,03K;-1.07%
Grifols S.A. (GRLS);16.10.2023;11,730;11,690;11,750;11,535;470,69K;+0.09%
Grifols S.A. (GRLS);13.10.2023;11,720;11,900;11,965;11,700;608,55K;-1.88%
Ferrovial S.A. (FER);13.11.2023;28,885;28,745;28,985;28,684;nan;+0.30%
Ferrovial S.A. (FER);10.11.2023;28,800;28,600;28,970;28,590;660,35K;+0.45%
Ferrovial S.A. (FER);09.11.2023;28,670;28,710;28,740;28,430;642,92K;-0.17%
Ferrovial S.A. (FER);08.11.2023;28,720;28,560;28,940;28,520;833,52K;+0.14%
Ferrovial S.A. (FER);07.11.2023;28,680;28,560;28,690;28,390;513,58K;-0.14%
Ferrovial S.A. (FER);06.11.2023;28,720;28,950;29,070;28,610;687,23K;-0.55%
Ferrovial S.A. (FER);03.11.2023;28,880;28,910;28,970;28,730;528,31K;+0.63%
Ferrovial S.A. (FER);02.11.2023;28,700;28,500;28,960;28,500;3,28M;+1.23%
Ferrovial S.A. (FER);01.11.2023;28,350;28,400;28,750;28,010;1,11M;-0.32%
Ferrovial S.A. (FER);31.10.2023;28,440;27,990;28,530;27,810;2,21M;+1.86%
Ferrovial S.A. (FER);30.10.2023;27,920;27,540;28,140;27,540;1,08M;+0.94%
Ferrovial S.A. (FER);27.10.2023;27,660;27,520;28,190;27,500;1,21M;+1.13%
Ferrovial S.A. (FER);26.10.2023;27,350;27,360;27,560;27,250;952,60K;-0.94%
Ferrovial S.A. (FER);25.10.2023;27,610;27,630;27,720;27,410;651,84K;-1.88%
Ferrovial S.A. (FER);24.10.2023;28,140;28,000;28,270;27,890;679,07K;+0.90%
Ferrovial S.A. (FER);23.10.2023;27,890;28,150;28,220;27,750;662,20K;-0.61%
Ferrovial S.A. (FER);20.10.2023;28,060;28,100;28,290;28,020;1,18M;-1.16%
Ferrovial S.A. (FER);19.10.2023;28,390;28,570;28,590;28,250;861,72K;-1.25%
Ferrovial S.A. (FER);18.10.2023;28,750;28,950;29,130;28,600;3,29M;-1.91%
Ferrovial S.A. (FER);17.10.2023;29,310;29,240;29,400;29,140;730,03K;+0.34%
Ferrovial S.A. (FER);16.10.2023;29,210;29,470;29,470;29,170;588,93K;-0.81%
Ferrovial S.A. (FER);13.10.2023;29,450;29,490;29,910;29,410;851,58K;-0.51%
Iberdrola S.A. (IBE);13.11.2023;10,680;10,595;10,705;10,590;nan;+0.28%
Iberdrola S.A. (IBE);10.11.2023;10,650;10,600;10,670;10,555;5,87M;0.00%
Iberdrola S.A. (IBE);09.11.2023;10,650;10,540;10,665;10,525;6,56M;+1.77%
Iberdrola S.A. (IBE);08.11.2023;10,465;10,405;10,480;10,315;7,60M;0.00%
Iberdrola S.A. (IBE);07.11.2023;10,465;10,510;10,570;10,425;5,47M;-0.99%
Iberdrola S.A. (IBE);06.11.2023;10,570;10,655;10,700;10,505;5,71M;-1.03%
Iberdrola S.A. (IBE);03.11.2023;10,680;10,755;10,815;10,620;8,91M;-0.65%
Iberdrola S.A. (IBE);02.11.2023;10,750;10,605;10,840;10,600;11,05M;+2.04%
Iberdrola S.A. (IBE);01.11.2023;10,535;10,450;10,550;10,390;10,37M;+0.33%
Iberdrola S.A. (IBE);31.10.2023;10,500;10,460;10,570;10,390;20,12M;+0.91%
Iberdrola S.A. (IBE);30.10.2023;10,405;10,500;10,525;10,375;6,84M;+0.34%
Iberdrola S.A. (IBE);27.10.2023;10,370;10,570;10,600;10,370;6,15M;-1.47%
Iberdrola S.A. (IBE);26.10.2023;10,525;10,550;10,760;10,390;10,97M;-0.05%
Iberdrola S.A. (IBE);25.10.2023;10,530;10,420;10,555;10,305;8,26M;+1.15%
Iberdrola S.A. (IBE);24.10.2023;10,410;10,300;10,425;10,295;7,87M;+1.12%
Iberdrola S.A. (IBE);23.10.2023;10,295;10,340;10,385;10,150;6,44M;-0.72%
Iberdrola S.A. (IBE);20.10.2023;10,370;10,300;10,425;10,265;45,93M;-0.38%
Iberdrola S.A. (IBE);19.10.2023;10,410;10,315;10,425;10,250;7,05M;+0.29%
Iberdrola S.A. (IBE);18.10.2023;10,380;10,405;10,440;10,340;8,85M;-0.91%
Iberdrola S.A. (IBE);17.10.2023;10,475;10,500;10,555;10,365;5,73M;-0.38%
Iberdrola S.A. (IBE);16.10.2023;10,515;10,410;10,525;10,320;9,81M;-0.43%
Iberdrola S.A. (IBE);13.10.2023;10,560;10,500;10,650;10,445;7,49M;-0.19%
Industria de Diseno Textil SA (ITX);13.11.2023;34,480;34,760;34,760;34,395;nan;+0.61%
Industria de Diseno Textil SA (ITX);10.11.2023;34,270;34,240;34,600;34,120;1,63M;-0.67%
Industria de Diseno Textil SA (ITX);09.11.2023;34,500;33,980;34,650;33,840;2,17M;+1.44%
Industria de Diseno Textil SA (ITX);08.11.2023;34,010;33,360;34,230;33,290;7,43M;+1.80%
Industria de Diseno Textil SA (ITX);07.11.2023;33,410;33,070;33,480;33,070;2,44M;+0.69%
Industria de Diseno Textil SA (ITX);06.11.2023;33,180;33,580;33,800;33,160;1,67M;-1.04%
Industria de Diseno Textil SA (ITX);03.11.2023;33,530;33,790;33,790;33,320;1,64M;-0.47%
Industria de Diseno Textil SA (ITX);02.11.2023;33,690;33,170;33,700;32,560;6,35M;+2.18%
Industria de Diseno Textil SA (ITX);01.11.2023;32,970;33,000;33,100;32,650;1,82M;+1.29%
Industria de Diseno Textil SA (ITX);31.10.2023;32,550;32,830;32,930;32,320;2,52M;-1.57%
Industria de Diseno Textil SA (ITX);30.10.2023;33,070;32,830;33,250;32,770;7,98M;+1.29%
Industria de Diseno Textil SA (ITX);27.10.2023;32,650;33,520;33,550;32,530;2,15M;-2.25%
Industria de Diseno Textil SA (ITX);26.10.2023;33,400;33,590;33,770;33,210;3,18M;-2.05%
Industria de Diseno Textil SA (ITX);25.10.2023;34,100;34,110;34,180;33,800;7,75M;-0.55%
Industria de Diseno Textil SA (ITX);24.10.2023;34,290;34,050;34,330;33,950;6,84M;+0.76%
Industria de Diseno Textil SA (ITX);23.10.2023;34,030;33,660;34,030;33,530;44,14M;+1.76%
Industria de Diseno Textil SA (ITX);20.10.2023;33,440;33,700;34,020;33,350;3,58M;-1.53%
Industria de Diseno Textil SA (ITX);19.10.2023;33,960;34,660;34,660;33,910;1,92M;-2.72%
Industria de Diseno Textil SA (ITX);18.10.2023;34,910;34,960;35,320;34,670;1,43M;-0.20%
Industria de Diseno Textil SA (ITX);17.10.2023;34,980;34,370;34,980;34,280;1,70M;+1.30%
Industria de Diseno Textil SA (ITX);16.10.2023;34,530;34,300;34,620;33,770;2,02M;+1.17%
Industria de Diseno Textil SA (ITX);13.10.2023;34,130;34,580;34,830;34,110;2,07M;-1.27%
Indra Sistemas S.A. (IDR);13.11.2023;13,700;13,710;13,725;13,655;nan;+1.18%
Indra Sistemas S.A. (IDR);10.11.2023;13,540;13,230;13,600;13,230;314,34K;+2.11%
Indra Sistemas S.A. (IDR);09.11.2023;13,260;13,100;13,310;13,100;205,11K;+0.23%
Indra Sistemas S.A. (IDR);08.11.2023;13,230;13,000;13,240;13,000;341,58K;+1.22%
Indra Sistemas S.A. (IDR);07.11.2023;13,070;12,880;13,150;12,880;301,51K;+0.93%
Indra Sistemas S.A. (IDR);06.11.2023;12,950;12,940;13,010;12,850;486,46K;+0.08%
Indra Sistemas S.A. (IDR);03.11.2023;12,940;13,220;13,270;12,940;597,08K;-1.75%
Indra Sistemas S.A. (IDR);02.11.2023;13,170;13,400;13,430;13,030;466,12K;-1.05%
Indra Sistemas S.A. (IDR);01.11.2023;13,310;13,270;13,380;13,050;446,01K;+0.45%
Indra Sistemas S.A. (IDR);31.10.2023;13,250;13,270;13,380;12,560;947,42K;+0.84%
Indra Sistemas S.A. (IDR);30.10.2023;13,140;13,180;13,330;13,140;343,35K;0.00%
Indra Sistemas S.A. (IDR);27.10.2023;13,140;13,200;13,230;13,020;380,86K;-0.61%
Indra Sistemas S.A. (IDR);26.10.2023;13,220;13,330;13,340;13,180;259,43K;-0.90%
Indra Sistemas S.A. (IDR);25.10.2023;13,340;13,200;13,390;13,140;402,12K;+0.76%
Indra Sistemas S.A. (IDR);24.10.2023;13,240;13,150;13,340;13,140;332,24K;+1.15%
Indra Sistemas S.A. (IDR);23.10.2023;13,090;13,120;13,170;13,020;308,59K;-0.08%
Indra Sistemas S.A. (IDR);20.10.2023;13,100;13,150;13,280;13,030;472,49K;-1.73%
Indra Sistemas S.A. (IDR);19.10.2023;13,330;13,380;13,430;13,200;364,53K;-0.67%
Indra Sistemas S.A. (IDR);18.10.2023;13,420;13,560;13,620;13,350;2,89M;-1.18%
Indra Sistemas S.A. (IDR);17.10.2023;13,580;13,460;13,590;13,410;277,62K;+1.12%
Indra Sistemas S.A. (IDR);16.10.2023;13,430;13,480;13,560;13,370;210,01K;-0.07%
Indra Sistemas S.A. (IDR);13.10.2023;13,440;13,750;13,840;13,420;360,34K;-2.18%
Inmobiliaria Colonial S.A. (COL);13.11.2023;5,510;5,470;5,535;5,470;nan;+0.92%
Inmobiliaria Colonial S.A. (COL);10.11.2023;5,460;5,580;5,580;5,385;1,89M;-3.19%
Inmobiliaria Colonial S.A. (COL);09.11.2023;5,640;5,535;5,685;5,535;725,22K;+0.98%
Inmobiliaria Colonial S.A. (COL);08.11.2023;5,585;5,565;5,670;5,550;946,67K;-1.15%
Inmobiliaria Colonial S.A. (COL);07.11.2023;5,650;5,590;5,665;5,585;799,02K;+0.62%
Inmobiliaria Colonial S.A. (COL);06.11.2023;5,615;5,760;5,805;5,595;956,96K;-2.77%
Inmobiliaria Colonial S.A. (COL);03.11.2023;5,775;5,695;5,820;5,645;1,08M;+2.03%
Inmobiliaria Colonial S.A. (COL);02.11.2023;5,660;5,355;5,690;5,345;1,33M;+6.69%
Inmobiliaria Colonial S.A. (COL);01.11.2023;5,305;5,250;5,325;5,230;729,51K;+0.28%
Inmobiliaria Colonial S.A. (COL);31.10.2023;5,290;5,135;5,320;5,135;930,45K;+2.92%
Inmobiliaria Colonial S.A. (COL);30.10.2023;5,140;5,080;5,210;5,080;794,19K;+1.18%
Inmobiliaria Colonial S.A. (COL);27.10.2023;5,080;5,015;5,170;5,015;1,11M;+1.68%
Inmobiliaria Colonial S.A. (COL);26.10.2023;4,996;4,970;5,040;4,902;1,11M;-0.38%
Inmobiliaria Colonial S.A. (COL);25.10.2023;5,015;5,140;5,165;4,996;1,39M;-3.00%
Inmobiliaria Colonial S.A. (COL);24.10.2023;5,170;5,125;5,205;5,125;776,34K;+0.88%
Inmobiliaria Colonial S.A. (COL);23.10.2023;5,125;5,180;5,210;5,055;1,03M;-1.35%
Inmobiliaria Colonial S.A. (COL);20.10.2023;5,195;5,140;5,240;5,120;1,10M;0.00%
Inmobiliaria Colonial S.A. (COL);19.10.2023;5,195;5,280;5,305;5,195;829,38K;-1.24%
Inmobiliaria Colonial S.A. (COL);18.10.2023;5,260;5,365;5,405;5,260;803,17K;-2.41%
Inmobiliaria Colonial S.A. (COL);17.10.2023;5,390;5,350;5,460;5,350;958,84K;+0.09%
Inmobiliaria Colonial S.A. (COL);16.10.2023;5,385;5,275;5,385;5,275;682,49K;+1.99%
Inmobiliaria Colonial S.A. (COL);13.10.2023;5,280;5,390;5,415;5,265;883,46K;-2.13%
International Consolidated Airlines Group S.A. (ICAG);13.11.2023;1,745;1,735;1,745;1,726;nan;+0.68%
International Consolidated Airlines Group S.A. (ICAG);10.11.2023;1,733;1,758;1,758;1,729;9,48M;-1.95%
International Consolidated Airlines Group S.A. (ICAG);09.11.2023;1,768;1,744;1,773;1,742;7,33M;+0.71%
International Consolidated Airlines Group S.A. (ICAG);08.11.2023;1,755;1,710;1,758;1,698;5,75M;+1.98%
International Consolidated Airlines Group S.A. (ICAG);07.11.2023;1,721;1,720;1,742;1,713;5,01M;-0.23%
International Consolidated Airlines Group S.A. (ICAG);06.11.2023;1,725;1,745;1,768;1,722;8,71M;-0.26%
International Consolidated Airlines Group S.A. (ICAG);03.11.2023;1,730;1,702;1,744;1,697;14,17M;+2.28%
International Consolidated Airlines Group S.A. (ICAG);02.11.2023;1,691;1,681;1,715;1,679;14,35M;+1.53%
International Consolidated Airlines Group S.A. (ICAG);01.11.2023;1,666;1,660;1,675;1,645;5,61M;+0.79%
International Consolidated Airlines Group S.A. (ICAG);31.10.2023;1,653;1,653;1,668;1,642;6,58M;+0.46%
International Consolidated Airlines Group S.A. (ICAG);30.10.2023;1,645;1,638;1,664;1,624;7,73M;+1.29%
International Consolidated Airlines Group S.A. (ICAG);27.10.2023;1,624;1,670;1,701;1,582;23,72M;-1.31%
International Consolidated Airlines Group S.A. (ICAG);26.10.2023;1,645;1,592;1,650;1,584;10,32M;+2.27%
International Consolidated Airlines Group S.A. (ICAG);25.10.2023;1,609;1,630;1,631;1,581;8,01M;-1.26%
International Consolidated Airlines Group S.A. (ICAG);24.10.2023;1,630;1,640;1,652;1,611;7,05M;+0.15%
International Consolidated Airlines Group S.A. (ICAG);23.10.2023;1,627;1,587;1,627;1,583;10,63M;+2.55%
International Consolidated Airlines Group S.A. (ICAG);20.10.2023;1,587;1,610;1,610;1,577;18,34M;-2.67%
International Consolidated Airlines Group S.A. (ICAG);19.10.2023;1,630;1,620;1,638;1,607;11,25M;-0.28%
International Consolidated Airlines Group S.A. (ICAG);18.10.2023;1,635;1,676;1,676;1,625;14,77M;-3.05%
International Consolidated Airlines Group S.A. (ICAG);17.10.2023;1,686;1,676;1,699;1,674;6,17M;+0.57%
International Consolidated Airlines Group S.A. (ICAG);16.10.2023;1,676;1,670;1,687;1,643;9,37M;+0.33%
International Consolidated Airlines Group S.A. (ICAG);13.10.2023;1,671;1,702;1,722;1,671;12,52M;-2.42%
Logista (LOG);13.11.2023;2,305;2,285;2,305;2,285;nan;+1.27%
Logista (LOG);10.11.2023;2,276;2,310;2,318;2,276;181,10K;-1.56%
Logista (LOG);09.11.2023;2,312;2,308;2,318;2,266;277,56K;+0.26%
Logista (LOG);08.11.2023;2,306;2,252;2,312;2,230;210,96K;+2.04%
Logista (LOG);07.11.2023;2,260;2,270;2,284;2,254;160,37K;-0.70%
Logista (LOG);06.11.2023;2,276;2,310;2,314;2,276;206,27K;-1.47%
Logista (LOG);03.11.2023;2,310;2,338;2,342;2,304;113,18K;-0.60%
Logista (LOG);02.11.2023;2,324;2,320;2,330;2,308;106,58K;+0.69%
Logista (LOG);01.11.2023;2,308;2,320;2,322;2,306;84,65K;-0.43%
Logista (LOG);31.10.2023;2,318;2,324;2,330;2,310;121,62K;0.00%
Logista (LOG);30.10.2023;2,318;2,294;2,326;2,292;94,86K;+0.96%
Logista (LOG);27.10.2023;2,296;2,296;2,310;2,292;98,13K;+0.17%
Logista (LOG);26.10.2023;2,292;2,306;2,322;2,288;88,58K;-0.87%
Logista (LOG);25.10.2023;2,312;2,310;2,324;2,300;181,02K;+0.17%
Logista (LOG);24.10.2023;2,308;2,310;2,320;2,300;164,19K;+0.17%
Logista (LOG);23.10.2023;2,304;2,280;2,308;2,262;87,40K;+0.79%
Logista (LOG);20.10.2023;2,286;2,294;2,306;2,274;223,52K;-1.04%
Logista (LOG);19.10.2023;2,310;2,366;2,368;2,300;68,37K;-0.17%
Logista (LOG);18.10.2023;2,314;2,358;2,374;2,302;140,33K;-1.70%
Logista (LOG);17.10.2023;2,354;2,380;2,388;2,352;135,70K;-1.51%
Logista (LOG);16.10.2023;2,390;2,394;2,394;2,366;107,79K;+0.50%
Logista (LOG);13.10.2023;2,378;2,416;2,424;2,378;108,93K;-1.41%
Mapfre S.A. (MAP);13.11.2023;2,014;2,010;2,023;2,004;nan;+1.05%
Mapfre S.A. (MAP);10.11.2023;1,993;1,982;1,999;1,982;1,76M;+0.15%
Mapfre S.A. (MAP);09.11.2023;1,990;1,980;1,994;1,967;2,47M;+0.71%
Mapfre S.A. (MAP);08.11.2023;1,976;1,960;1,979;1,957;3,89M;+0.15%
Mapfre S.A. (MAP);07.11.2023;1,973;1,962;1,991;1,960;1,72M;+0.05%
Mapfre S.A. (MAP);06.11.2023;1,972;1,972;1,982;1,966;1,24M;-0.05%
Mapfre S.A. (MAP);03.11.2023;1,973;1,984;1,984;1,945;2,02M;+0.51%
Mapfre S.A. (MAP);02.11.2023;1,963;1,960;1,973;1,944;2,03M;+0.72%
Mapfre S.A. (MAP);01.11.2023;1,949;1,973;1,973;1,931;3,03M;-0.66%
Mapfre S.A. (MAP);31.10.2023;1,962;1,950;1,982;1,930;3,73M;+1.55%
Mapfre S.A. (MAP);30.10.2023;1,932;1,900;1,944;1,880;1,93M;+1.63%
Mapfre S.A. (MAP);27.10.2023;1,901;1,950;1,958;1,901;1,95M;-2.61%
Mapfre S.A. (MAP);26.10.2023;1,952;1,944;1,959;1,925;1,59M;+0.41%
Mapfre S.A. (MAP);25.10.2023;1,944;1,936;1,951;1,929;1,50M;+0.26%
Mapfre S.A. (MAP);24.10.2023;1,939;1,941;1,944;1,929;2,02M;+0.05%
Mapfre S.A. (MAP);23.10.2023;1,938;1,938;1,947;1,931;1,62M;+0.10%
Mapfre S.A. (MAP);20.10.2023;1,936;1,968;1,970;1,935;2,80M;-2.22%
Mapfre S.A. (MAP);19.10.2023;1,980;1,983;1,988;1,968;1,53M;-0.60%
Mapfre S.A. (MAP);18.10.2023;1,992;1,988;2,006;1,987;2,91M;+0.35%
Mapfre S.A. (MAP);17.10.2023;1,985;1,988;1,988;1,971;1,24M;-0.15%
Mapfre S.A. (MAP);16.10.2023;1,988;1,969;1,988;1,969;1,37M;+0.91%
Mapfre S.A. (MAP);13.10.2023;1,970;1,971;1,986;1,954;2,62M;-0.05%
Meliá Hotels International S.A. (MEL);13.11.2023;5,380;5,380;5,382;5,340;nan;+1.22%
Meliá Hotels International S.A. (MEL);10.11.2023;5,315;5,305;5,345;5,265;460,66K;-0.65%
Meliá Hotels International S.A. (MEL);09.11.2023;5,350;5,310;5,385;5,280;517,14K;+0.75%
Meliá Hotels International S.A. (MEL);08.11.2023;5,310;5,280;5,355;5,270;565,26K;+0.76%
Meliá Hotels International S.A. (MEL);07.11.2023;5,270;5,300;5,320;5,220;534,01K;-0.57%
Meliá Hotels International S.A. (MEL);06.11.2023;5,300;5,345;5,370;5,300;528,66K;-0.84%
Meliá Hotels International S.A. (MEL);03.11.2023;5,345;5,475;5,480;5,235;1,54M;-0.37%
Meliá Hotels International S.A. (MEL);02.11.2023;5,365;5,370;5,445;5,275;751,21K;+2.88%
Meliá Hotels International S.A. (MEL);01.11.2023;5,215;5,255;5,265;5,210;571,77K;-0.57%
Meliá Hotels International S.A. (MEL);31.10.2023;5,245;5,275;5,350;5,210;527,76K;-0.29%
Meliá Hotels International S.A. (MEL);30.10.2023;5,260;5,185;5,305;5,180;469,74K;+1.74%
Meliá Hotels International S.A. (MEL);27.10.2023;5,170;5,200;5,235;5,140;551,06K;-0.39%
Meliá Hotels International S.A. (MEL);26.10.2023;5,190;5,190;5,215;5,155;598,50K;-1.24%
Meliá Hotels International S.A. (MEL);25.10.2023;5,255;5,150;5,255;5,130;908,12K;+1.06%
Meliá Hotels International S.A. (MEL);24.10.2023;5,200;5,200;5,260;5,175;979,24K;+0.97%
Meliá Hotels International S.A. (MEL);23.10.2023;5,150;5,130;5,185;5,065;759,19K;0.00%
Meliá Hotels International S.A. (MEL);20.10.2023;5,150;5,230;5,280;5,145;1,01M;-2.46%
Meliá Hotels International S.A. (MEL);19.10.2023;5,280;5,345;5,355;5,255;626,40K;-1.86%
Meliá Hotels International S.A. (MEL);18.10.2023;5,380;5,525;5,525;5,370;491,77K;-1.91%
Meliá Hotels International S.A. (MEL);17.10.2023;5,485;5,425;5,545;5,410;681,93K;+1.11%
Meliá Hotels International S.A. (MEL);16.10.2023;5,425;5,385;5,460;5,330;618,44K;+0.74%
Meliá Hotels International S.A. (MEL);13.10.2023;5,385;5,450;5,520;5,380;493,20K;-1.91%
Merlin Properties Socimi S.A. (MRL);13.11.2023;8,415;8,425;8,453;8,385;nan;+0.48%
Merlin Properties Socimi S.A. (MRL);10.11.2023;8,375;8,435;8,435;8,275;985,41K;-1.53%
Merlin Properties Socimi S.A. (MRL);09.11.2023;8,505;8,360;8,540;8,335;390,93K;+1.01%
Merlin Properties Socimi S.A. (MRL);08.11.2023;8,420;8,435;8,530;8,385;893,29K;-0.36%
Merlin Properties Socimi S.A. (MRL);07.11.2023;8,450;8,250;8,470;8,240;945,33K;+2.36%
Merlin Properties Socimi S.A. (MRL);06.11.2023;8,255;8,480;8,520;8,245;2,19M;-2.77%
Merlin Properties Socimi S.A. (MRL);03.11.2023;8,490;8,380;8,540;8,340;608,93K;+1.56%
Merlin Properties Socimi S.A. (MRL);02.11.2023;8,360;7,935;8,430;7,935;2,29M;+6.23%
Merlin Properties Socimi S.A. (MRL);01.11.2023;7,870;7,845;7,920;7,785;667,78K;+0.13%
Merlin Properties Socimi S.A. (MRL);31.10.2023;7,860;7,730;7,905;7,690;617,00K;+2.48%
Merlin Properties Socimi S.A. (MRL);30.10.2023;7,670;7,625;7,750;7,625;453,92K;+0.59%
Merlin Properties Socimi S.A. (MRL);27.10.2023;7,625;7,630;7,700;7,590;615,11K;+0.66%
Merlin Properties Socimi S.A. (MRL);26.10.2023;7,575;7,500;7,635;7,455;680,00K;+0.73%
Merlin Properties Socimi S.A. (MRL);25.10.2023;7,520;7,625;7,665;7,505;659,82K;-1.64%
Merlin Properties Socimi S.A. (MRL);24.10.2023;7,645;7,650;7,725;7,625;535,89K;+0.26%
Merlin Properties Socimi S.A. (MRL);23.10.2023;7,625;7,650;7,700;7,515;883,09K;-1.10%
Merlin Properties Socimi S.A. (MRL);20.10.2023;7,710;7,700;7,775;7,645;898,33K;-0.06%
Merlin Properties Socimi S.A. (MRL);19.10.2023;7,715;7,830;7,870;7,710;606,97K;-1.91%
Merlin Properties Socimi S.A. (MRL);18.10.2023;7,865;8,015;8,055;7,860;539,96K;-2.18%
Merlin Properties Socimi S.A. (MRL);17.10.2023;8,040;8,075;8,215;7,995;767,86K;-0.68%
Merlin Properties Socimi S.A. (MRL);16.10.2023;8,095;7,940;8,115;7,940;441,02K;+1.76%
Merlin Properties Socimi S.A. (MRL);13.10.2023;7,955;8,105;8,110;7,930;371,17K;-1.49%
Obrascon Huarte Lain SA (OHLA);13.11.2023;0,391;0,390;0,393;0,390;nan;+0.58%
Obrascon Huarte Lain SA (OHLA);10.11.2023;0,389;0,399;0,399;0,389;1,39M;-2.26%
Obrascon Huarte Lain SA (OHLA);09.11.2023;0,398;0,401;0,403;0,396;978,55K;-0.35%
Obrascon Huarte Lain SA (OHLA);08.11.2023;0,399;0,390;0,404;0,386;1,63M;+2.41%
Obrascon Huarte Lain SA (OHLA);07.11.2023;0,390;0,398;0,398;0,390;836,83K;-1.76%
Obrascon Huarte Lain SA (OHLA);06.11.2023;0,397;0,404;0,404;0,397;1,08M;-1.19%
Obrascon Huarte Lain SA (OHLA);03.11.2023;0,402;0,396;0,410;0,396;2,84M;+1.26%
Obrascon Huarte Lain SA (OHLA);02.11.2023;0,397;0,396;0,403;0,395;3,20M;+0.97%
Obrascon Huarte Lain SA (OHLA);01.11.2023;0,393;0,388;0,394;0,383;669,29K;+1.29%
Obrascon Huarte Lain SA (OHLA);31.10.2023;0,388;0,386;0,394;0,386;1,19M;+0.88%
Obrascon Huarte Lain SA (OHLA);30.10.2023;0,385;0,376;0,385;0,373;1,25M;+2.07%
Obrascon Huarte Lain SA (OHLA);27.10.2023;0,377;0,377;0,380;0,374;1,05M;+0.96%
Obrascon Huarte Lain SA (OHLA);26.10.2023;0,373;0,380;0,381;0,370;1,88M;-1.63%
Obrascon Huarte Lain SA (OHLA);25.10.2023;0,379;0,390;0,390;0,376;957,22K;-1.81%
Obrascon Huarte Lain SA (OHLA);24.10.2023;0,386;0,381;0,392;0,379;1,51M;+1.58%
Obrascon Huarte Lain SA (OHLA);23.10.2023;0,380;0,382;0,382;0,373;1,45M;-0.16%
Obrascon Huarte Lain SA (OHLA);20.10.2023;0,381;0,381;0,385;0,371;2,45M;-1.45%
Obrascon Huarte Lain SA (OHLA);19.10.2023;0,387;0,383;0,387;0,380;1,82M;+0.68%
Obrascon Huarte Lain SA (OHLA);18.10.2023;0,384;0,399;0,399;0,384;1,61M;-2.54%
Obrascon Huarte Lain SA (OHLA);17.10.2023;0,394;0,396;0,398;0,388;712,15K;+0.25%
Obrascon Huarte Lain SA (OHLA);16.10.2023;0,393;0,387;0,395;0,386;1,41M;+0.77%
Obrascon Huarte Lain SA (OHLA);13.10.2023;0,390;0,397;0,401;0,390;1,95M;-1.76%
Redeia Corporacion SA (REDE);13.11.2023;14,735;14,775;14,825;14,715;nan;-0.24%
Redeia Corporacion SA (REDE);10.11.2023;14,770;14,835;14,895;14,690;814,14K;-0.64%
Redeia Corporacion SA (REDE);09.11.2023;14,865;14,700;14,890;14,700;757,38K;+1.29%
Redeia Corporacion SA (REDE);08.11.2023;14,675;14,800;14,815;14,675;599,35K;-1.18%
Redeia Corporacion SA (REDE);07.11.2023;14,850;14,900;14,980;14,790;704,50K;-0.87%
Redeia Corporacion SA (REDE);06.11.2023;14,980;14,970;15,000;14,865;748,27K;+0.37%
Redeia Corporacion SA (REDE);03.11.2023;14,925;15,000;15,175;14,875;1,47M;-0.37%
Redeia Corporacion SA (REDE);02.11.2023;14,980;14,900;15,020;14,815;653,23K;+1.05%
Redeia Corporacion SA (REDE);01.11.2023;14,825;14,700;14,845;14,525;899,26K;+0.82%
Redeia Corporacion SA (REDE);31.10.2023;14,705;15,005;15,010;14,600;1,50M;-0.94%
Redeia Corporacion SA (REDE);30.10.2023;14,845;14,815;15,040;14,815;1,04M;+0.54%
Redeia Corporacion SA (REDE);27.10.2023;14,765;14,920;15,015;14,765;1,10M;-1.11%
Redeia Corporacion SA (REDE);26.10.2023;14,930;15,055;15,190;14,860;854,83K;-1.48%
Redeia Corporacion SA (REDE);25.10.2023;15,155;15,140;15,230;15,005;713,62K;+0.40%
Redeia Corporacion SA (REDE);24.10.2023;15,095;14,970;15,130;14,920;1,00M;+0.84%
Redeia Corporacion SA (REDE);23.10.2023;14,970;14,870;15,000;14,780;794,57K;+0.17%
Redeia Corporacion SA (REDE);20.10.2023;14,945;14,930;15,025;14,820;1,77M;-0.86%
Redeia Corporacion SA (REDE);19.10.2023;15,075;14,865;15,120;14,850;1,10M;+1.04%
Redeia Corporacion SA (REDE);18.10.2023;14,920;14,905;15,015;14,890;978,05K;-0.50%
Redeia Corporacion SA (REDE);17.10.2023;14,995;15,110;15,165;14,960;542,69K;-0.63%
Redeia Corporacion SA (REDE);16.10.2023;15,090;14,985;15,125;14,940;513,42K;+0.67%
Redeia Corporacion SA (REDE);13.10.2023;14,990;15,000;15,100;14,925;715,84K;-0.40%
Repsol S.A. (REP);13.11.2023;13,738;13,670;13,762;13,645;nan;+0.68%
Repsol S.A. (REP);10.11.2023;13,645;13,540;13,770;13,540;2,44M;+0.85%
Repsol S.A. (REP);09.11.2023;13,530;13,440;13,600;13,355;3,12M;+1.05%
Repsol S.A. (REP);08.11.2023;13,390;13,400;13,535;13,345;3,18M;-0.41%
Repsol S.A. (REP);07.11.2023;13,445;13,605;13,695;13,400;5,05M;-2.89%
Repsol S.A. (REP);06.11.2023;13,845;13,770;13,910;13,765;2,86M;+0.54%
Repsol S.A. (REP);03.11.2023;13,770;14,155;14,175;13,715;3,75M;-1.71%
Repsol S.A. (REP);02.11.2023;14,010;13,945;14,080;13,840;3,72M;+0.79%
Repsol S.A. (REP);01.11.2023;13,900;13,850;14,020;13,780;2,18M;+0.54%
Repsol S.A. (REP);31.10.2023;13,825;14,195;14,195;13,770;3,85M;-2.40%
Repsol S.A. (REP);30.10.2023;14,165;13,950;14,240;13,850;3,08M;+1.54%
Repsol S.A. (REP);27.10.2023;13,950;14,250;14,400;13,950;3,32M;-2.00%
Repsol S.A. (REP);26.10.2023;14,235;14,310;14,475;13,970;5,12M;-1.49%
Repsol S.A. (REP);25.10.2023;14,450;14,445;14,500;14,255;5,69M;+0.03%
Repsol S.A. (REP);24.10.2023;14,445;14,635;14,780;14,340;3,25M;-1.83%
Repsol S.A. (REP);23.10.2023;14,715;14,675;14,790;14,575;2,75M;-1.14%
Repsol S.A. (REP);20.10.2023;14,885;14,930;15,060;14,835;4,25M;-0.70%
Repsol S.A. (REP);19.10.2023;14,990;15,120;15,205;14,850;2,95M;-0.99%
Repsol S.A. (REP);18.10.2023;15,140;15,170;15,205;15,060;3,82M;+1.20%
Repsol S.A. (REP);17.10.2023;14,960;14,870;15,025;14,870;2,23M;+0.23%
Repsol S.A. (REP);16.10.2023;14,925;14,900;15,005;14,815;3,15M;+0.91%
Repsol S.A. (REP);13.10.2023;14,790;14,725;14,995;14,725;3,25M;+1.34%
Sacyr SA (SCYR);13.11.2023;2,855;2,851;2,874;2,851;nan;+0.60%
Sacyr SA (SCYR);10.11.2023;2,838;2,846;2,856;2,830;1,36M;-0.07%
Sacyr SA (SCYR);09.11.2023;2,840;2,822;2,856;2,808;1,59M;+0.57%
Sacyr SA (SCYR);08.11.2023;2,824;2,832;2,854;2,814;1,90M;-0.70%
Sacyr SA (SCYR);07.11.2023;2,844;2,814;2,850;2,808;2,27M;+1.07%
Sacyr SA (SCYR);06.11.2023;2,814;2,840;2,870;2,672;7,39M;-0.42%
Sacyr SA (SCYR);03.11.2023;2,826;2,770;2,852;2,770;2,36M;+1.95%
Sacyr SA (SCYR);02.11.2023;2,772;2,712;2,800;2,706;2,16M;+2.21%
Sacyr SA (SCYR);01.11.2023;2,712;2,730;2,746;2,700;1,36M;-0.51%
Sacyr SA (SCYR);31.10.2023;2,726;2,664;2,728;2,652;1,79M;+2.79%
Sacyr SA (SCYR);30.10.2023;2,652;2,628;2,670;2,628;1,09M;+1.22%
Sacyr SA (SCYR);27.10.2023;2,620;2,662;2,672;2,604;1,92M;-1.43%
Sacyr SA (SCYR);26.10.2023;2,658;2,630;2,676;2,630;1,31M;+0.30%
Sacyr SA (SCYR);25.10.2023;2,650;2,680;2,680;2,632;970,59K;-1.27%
Sacyr SA (SCYR);24.10.2023;2,684;2,646;2,688;2,642;7,13M;+1.21%
Sacyr SA (SCYR);23.10.2023;2,652;2,662;2,664;2,616;1,34M;-0.30%
Sacyr SA (SCYR);20.10.2023;2,660;2,672;2,686;2,652;1,81M;-1.55%
Sacyr SA (SCYR);19.10.2023;2,702;2,720;2,722;2,694;1,08M;-1.03%
Sacyr SA (SCYR);18.10.2023;2,730;2,728;2,768;2,724;4,03M;-0.51%
Sacyr SA (SCYR);17.10.2023;2,744;2,706;2,762;2,706;1,36M;+1.48%
Sacyr SA (SCYR);16.10.2023;2,704;2,680;2,708;2,654;2,04M;+0.75%
Sacyr SA (SCYR);13.10.2023;2,684;2,716;2,732;2,682;1,17M;-1.32%
SOLARIA ENERGIA Y MEDIO AMBIENTE (SLRS);13.11.2023;14,538;14,532;14,592;14,408;nan;+0.64%
SOLARIA ENERGIA Y MEDIO AMBIENTE (SLRS);10.11.2023;14,445;14,600;14,600;14,330;485,95K;-1.73%
SOLARIA ENERGIA Y MEDIO AMBIENTE (SLRS);09.11.2023;14,700;14,555;14,735;14,520;278,38K;+0.93%
SOLARIA ENERGIA Y MEDIO AMBIENTE (SLRS);08.11.2023;14,565;14,840;14,885;14,565;441,73K;-1.72%
SOLARIA ENERGIA Y MEDIO AMBIENTE (SLRS);07.11.2023;14,820;15,100;15,140;14,705;355,21K;-1.50%
SOLARIA ENERGIA Y MEDIO AMBIENTE (SLRS);06.11.2023;15,045;15,125;15,270;15,015;314,82K;-0.95%
SOLARIA ENERGIA Y MEDIO AMBIENTE (SLRS);03.11.2023;15,190;14,785;15,345;14,720;802,36K;+3.83%
SOLARIA ENERGIA Y MEDIO AMBIENTE (SLRS);02.11.2023;14,630;14,120;14,815;14,120;721,20K;+3.91%
SOLARIA ENERGIA Y MEDIO AMBIENTE (SLRS);01.11.2023;14,080;14,100;14,125;13,745;563,44K;-0.49%
SOLARIA ENERGIA Y MEDIO AMBIENTE (SLRS);31.10.2023;14,150;13,950;14,190;13,755;443,72K;+2.20%
SOLARIA ENERGIA Y MEDIO AMBIENTE (SLRS);30.10.2023;13,845;13,885;14,080;13,780;357,43K;+0.04%
SOLARIA ENERGIA Y MEDIO AMBIENTE (SLRS);27.10.2023;13,840;14,000;14,190;13,820;364,86K;-0.82%
SOLARIA ENERGIA Y MEDIO AMBIENTE (SLRS);26.10.2023;13,955;13,600;14,100;13,600;293,01K;+1.60%
SOLARIA ENERGIA Y MEDIO AMBIENTE (SLRS);25.10.2023;13,735;14,000;14,000;13,595;277,53K;-0.54%
SOLARIA ENERGIA Y MEDIO AMBIENTE (SLRS);24.10.2023;13,810;13,730;14,050;13,715;324,04K;+0.80%
SOLARIA ENERGIA Y MEDIO AMBIENTE (SLRS);23.10.2023;13,700;13,600;13,705;13,325;411,34K;-0.18%
SOLARIA ENERGIA Y MEDIO AMBIENTE (SLRS);20.10.2023;13,725;13,730;13,835;13,500;1,46M;-1.26%
SOLARIA ENERGIA Y MEDIO AMBIENTE (SLRS);19.10.2023;13,900;14,010;14,220;13,890;330,31K;-1.77%
SOLARIA ENERGIA Y MEDIO AMBIENTE (SLRS);18.10.2023;14,150;14,020;14,355;13,990;441,33K;-0.18%
SOLARIA ENERGIA Y MEDIO AMBIENTE (SLRS);17.10.2023;14,175;14,190;14,430;13,880;447,50K;-0.67%
SOLARIA ENERGIA Y MEDIO AMBIENTE (SLRS);16.10.2023;14,270;14,030;14,280;13,735;506,78K;+0.67%
SOLARIA ENERGIA Y MEDIO AMBIENTE (SLRS);13.10.2023;14,175;14,155;14,410;13,955;652,75K;-0.11%
Telefónica S.A. (TEF);13.11.2023;37,575;37,350;37,575;37,240;nan;+1.39%
Telefónica S.A. (TEF);10.11.2023;37,060;36,900;37,410;36,830;7,53M;+0.41%
Telefónica S.A. (TEF);09.11.2023;36,910;37,040;37,280;36,550;10,83M;+0.08%
Telefónica S.A. (TEF);08.11.2023;36,880;36,820;38,300;36,230;21,78M;-0.46%
Telefónica S.A. (TEF);07.11.2023;37,050;36,610;37,230;36,140;16,84M;-0.54%
Telefónica S.A. (TEF);06.11.2023;37,250;37,500;37,660;37,150;8,60M;-0.75%
Telefónica S.A. (TEF);03.11.2023;37,530;36,790;37,560;36,670;11,81M;+2.77%
Telefónica S.A. (TEF);02.11.2023;36,520;36,070;36,750;35,970;9,39M;+1.50%
Telefónica S.A. (TEF);01.11.2023;35,980;36,410;36,510;35,930;11,92M;-1.32%
Telefónica S.A. (TEF);31.10.2023;36,460;36,280;36,750;35,950;8,46M;+0.97%
Telefónica S.A. (TEF);30.10.2023;36,110;35,860;36,790;35,800;16,53M;+1.15%
Telefónica S.A. (TEF);27.10.2023;35,700;35,620;36,060;35,610;8,84M;+0.31%
Telefónica S.A. (TEF);26.10.2023;35,590;35,550;35,700;35,320;10,39M;-0.42%
Telefónica S.A. (TEF);25.10.2023;35,740;36,250;36,360;35,550;17,56M;-2.22%
Telefónica S.A. (TEF);24.10.2023;36,550;36,740;36,740;36,300;11,36M;-0.87%
Telefónica S.A. (TEF);23.10.2023;36,870;37,310;37,350;36,600;11,24M;-1.31%
Telefónica S.A. (TEF);20.10.2023;37,360;37,510;37,900;36,760;19,94M;-1.74%
Telefónica S.A. (TEF);19.10.2023;38,020;38,280;38,450;37,600;10,75M;-1.20%
Telefónica S.A. (TEF);18.10.2023;38,480;38,390;38,870;38,380;7,81M;-0.05%
Telefónica S.A. (TEF);17.10.2023;38,500;38,480;38,660;38,300;4,44M;+0.08%
Telefónica S.A. (TEF);16.10.2023;38,470;38,470;38,600;38,170;4,37M;+0.16%
Telefónica S.A. (TEF);13.10.2023;38,410;38,440;38,800;38,290;4,95M;-0.13%
Unicaja Banco SA (UNI);13.11.2023;1,018;1,017;1,021;1,016;nan;+1.39%
Unicaja Banco SA (UNI);10.11.2023;1,004;1,018;1,024;1,002;5,97M;-1.57%
Unicaja Banco SA (UNI);09.11.2023;1,020;1,009;1,026;1,009;7,74M;+0.89%
Unicaja Banco SA (UNI);08.11.2023;1,011;0,993;1,013;0,990;4,60M;+1.51%
Unicaja Banco SA (UNI);07.11.2023;0,996;1,002;1,016;0,990;5,30M;-1.39%
Unicaja Banco SA (UNI);06.11.2023;1,010;1,010;1,019;1,006;5,03M;+0.10%
Unicaja Banco SA (UNI);03.11.2023;1,009;1,002;1,014;0,999;7,86M;+1.15%
Unicaja Banco SA (UNI);02.11.2023;0,998;0,983;1,001;0,983;6,70M;+1.53%
Unicaja Banco SA (UNI);01.11.2023;0,983;0,988;0,990;0,979;6,10M;+0.05%
Unicaja Banco SA (UNI);31.10.2023;0,982;0,973;1,007;0,972;92,71M;+0.92%
Unicaja Banco SA (UNI);30.10.2023;0,973;1,005;1,005;0,947;22,34M;-3.28%
Unicaja Banco SA (UNI);27.10.2023;1,006;1,013;1,019;1,002;13,65M;-0.20%
Unicaja Banco SA (UNI);26.10.2023;1,008;0,976;1,008;0,976;7,39M;+2.60%
Unicaja Banco SA (UNI);25.10.2023;0,983;0,980;0,985;0,967;7,32M;+0.51%
Unicaja Banco SA (UNI);24.10.2023;0,978;1,007;1,008;0,978;15,75M;-2.93%
Unicaja Banco SA (UNI);23.10.2023;1,007;1,024;1,025;1,001;5,21M;-1.08%
Unicaja Banco SA (UNI);20.10.2023;1,018;1,011;1,032;1,005;8,90M;+0.10%
Unicaja Banco SA (UNI);19.10.2023;1,017;1,001;1,020;0,991;14,23M;+1.40%
Unicaja Banco SA (UNI);18.10.2023;1,003;1,014;1,015;1,001;4,48M;-1.18%
Unicaja Banco SA (UNI);17.10.2023;1,015;1,015;1,022;1,009;3,88M;-0.20%
Unicaja Banco SA (UNI);16.10.2023;1,017;1,004;1,019;1,004;3,42M;+0.99%
Unicaja Banco SA (UNI);13.10.2023;1,007;1,036;1,039;1,001;9,50M;-3.17%
